slug,name,location,bio,bandcamp_url,bandcamp_image_url,local_image_file,facebook_url,instagram_url,spotify_url,youtube_url,website_url,notes
das-kapitans,Das Kapitans,"Peterborough, UK",Energetic indie punk rock from the Norfolk/Cambridgeshire borders. Founders of Socks On Records and lovers of friendly people.,https://daskapitansband.bandcamp.com/,https://f4.bcbits.com/img/0044990874_23.jpg,images/Das Kapitans.jpg,,,,,,Bandcamp bio says they founded Socks On Records.
gtfod,Get The Fuck Outta Dodge,"Sheffield, UK",Bass shouts and drum yelps from Def Leppard country.,https://gtfod.bandcamp.com/,https://f4.bcbits.com/img/0039456292_23.jpg,images/Get The Fuck Outta Dodge.jpg,,,,,,
coup-de-tete,Coup De Tete,"Peterborough, UK",,https://coupdetete.bandcamp.com/,https://f4.bcbits.com/img/0031643233_23.jpg,images/Coupe de tete.jpg,,,,,,No bio on Bandcamp.
dan-the-d,The Dan The D (Dan Donovan),"England, UK",,https://dandonovan.bandcamp.com/,https://f4.bcbits.com/img/0040329785_23.jpg,images/Dan The D.jpg,,,,,,No bio text captured. Bandcamp description mentions 18 albums recorded over 30 years; get a proper bio from Dan.
our-souls,Our Souls,"Leicester, UK",Louche Leicester quartet pedalling a brand of melodic punk rock.,https://weareoursouls.bandcamp.com/,,images/Our Souls.jpg,,,,,,Bandcamp image URL not captured.
soviet-films,Soviet Films,"Peterborough, UK",,https://sovietfilms.bandcamp.com/,https://f4.bcbits.com/img/0032513105_23.jpg,images/Soviet films.jpg,,,,,,No bio on Bandcamp.
good-job-kid,Good Job Kid,"Peterborough, UK",Peterborough Synth Fuelled Midwest Emo Attempt,https://goodjobkid.bandcamp.com/,https://f4.bcbits.com/img/0040462438_23.jpg,images/Good Job Kid.jpg,,,,,,Members listed on Bandcamp: Will and Aidan.
dodo-appreciation-society,The Dodo Appreciation Society,,All hail the dodo,https://thedodoappreciationsociety1.bandcamp.com/,https://f4.bcbits.com/img/0032366728_23.jpg,images/Dodos.jpg,,,,,,No location on Bandcamp. Original bio ends with three praying-hands emoji.
we-punch-tigers,We Punch Tigers,"Basildon, UK",Punk band,https://wepunchtigers.bandcamp.com/,https://f4.bcbits.com/img/0027532590_23.jpg,images/we punch Tigers.jpg,https://www.facebook.com/WePunchTigersBand/,,,,,Bandcamp bio is minimal: 'Punk band' / 'Punk songs'.
mices,Mices,"Norwich, UK",,https://micesareaband.bandcamp.com/,,images/mices.jpg,,,,,,No bio captured. Location from the label's artist list.
sprainer,Sprainer,"Peterborough, UK","No Sprain, No Gain. Anglia, East. Unplaceable Accents. Ska-Curious. Jazz for the dumb and upset. Pop for the deeply confused. Beer Spillers. Rear Spillers. Career Spillers. Music for the Scorched Palette. Sprainer Must Be Stopped.",https://sprainer.bandcamp.com/,https://f4.bcbits.com/img/0037444117_23.jpg,images/Sprainer.jpg,,,,,,
the-prods,The Prods,"London, UK","Punk, balladry and humour sometimes guaranteed. A British take on life viewed through a pint-shaped lens.",https://theprods.bandcamp.com/,https://f4.bcbits.com/img/0014995956_23.jpg,images/The Prods.jpg,,,,,https://theprods.com,Own site with gigs: https://theprods.com
oh-doom,Oh Doom!,"North London / Hertfordshire, UK","Loud, sad songs from North London/Hertfordshire, UK.",https://ohdoom.bandcamp.com/,https://f4.bcbits.com/img/0036209266_23.jpg,images/Oh Doom.jpg,,,,,,
for-i-the-badger,For I The Badger,"England, UK","Formed in 2023, For I The Badger are a 4 piece alternative/punk band mixing intensity with intent. Their sound combines driving, melodic bass lines and lyrics that bite.",https://forithebadger.bandcamp.com/,https://f4.bcbits.com/img/0042978890_23.jpg,images/For I The Badger.jpg,,,,,,"Bandcamp also calls them odd, unhinged and politically angry, with songs on mental health, addiction, injustice and poverty."
rudimentary-paste,Rudimentary Paste,"England, UK",Emerging like the withered oldmanbabyface of Kuato from the exposed torso of foamcore pioneers such as Not Your Damned Apples and Morse Code Operator #2. Postmodernist manwrong art-wonk nonsense.,https://rudimentarypaste.bandcamp.com/,https://f4.bcbits.com/img/0041112688_23.jpg,images/Rudimentary Paste.jpg,,,,,,Bio is a joke; the band may want a straighter one for the site.
a-great-notion,A Great Notion,"Peterborough, UK",Four piece punk rock from Cambridgeshire. New album 'unsociabilities...' out 9th June 2023,https://agreatnotion.bandcamp.com/,https://f4.bcbits.com/img/0032427506_23.jpg,images/A great Notion.jpg,,,,,,Bio is dated (2023 album announcement); ask for a current one.
jrowsy,jrowsy,"Peterborough, UK","jrowsy is an alternative artist from Peterborough, UK. part of Socks on Records.",https://jrowsy.bandcamp.com/,https://f4.bcbits.com/img/0046488777_23.jpg,images/Jrowsy.jpg,,,,,,
dead-leaves,Dead Leaves,"Peterborough, UK","Dead Leaves are a Peterborough (UK) based band, sharing a love for soaring melodies with fuzz gazer interludes. The name reflects a desire for a degree of humility mixed with an urge to create songs that matter and have meaning. A reaction to the what-you-see-is-what-you-get punk resurgence in recent years, Dead Leaves offer depth and soulfulness.",https://deadleaves2.bandcamp.com/,https://f4.bcbits.com/img/0041182860_23.jpg,images/Dead Leaves.jpg,,,,,,
rough-pup,Rough Pup,"England, UK",,https://roughpup.bandcamp.com/,https://f4.bcbits.com/img/a3019491631_5.jpg,images/Rough Pup.jpg,,,,,,No bio or location on the page. Debut EP Something To Say is on Socks On Records.
ooh-shush,Ooh Shush,"Peterborough, UK","Funky, indie, punky",https://oohshush.bandcamp.com/,https://f4.bcbits.com/img/0043393456_23.jpg,images/Oh Shush.jpg,,,,,,Local image file is named 'Oh Shush.jpg'; the band is Ooh Shush.
kanfora,Kanfora,"Varese, Italy",Most of what we have been is here. Music is just a medium.,https://kanfora.bandcamp.com/,https://f4.bcbits.com/img/0041931219_23.jpg,images/Kanfora.jpg,,,,,,
my-name-is-o,My Name Is O,"London, UK",,https://nameequalso.bandcamp.com/,https://f4.bcbits.com/img/0038728855_23.jpg,images/My Name Is O.jpg,,,,,,"No bio. Local image is a tiny pink ring (6 KB), needs a real photo. Bandcamp lists releases as 'O'."
al-pacinos-sister,Al Pacinos Sister,"England, UK",,https://alpacinossister.bandcamp.com/,https://f4.bcbits.com/img/0045131584_23.jpg,images/Al Pachinos Sister.jpg,,,,,,No bio. Local filename has a typo (Pachinos).
