band_slug,platform,url
das-kapitans,bandcamp,https://daskapitansband.bandcamp.com/
gtfod,bandcamp,https://gtfod.bandcamp.com/
coup-de-tete,bandcamp,https://coupdetete.bandcamp.com/
dan-the-d,bandcamp,https://dandonovan.bandcamp.com/
our-souls,bandcamp,https://weareoursouls.bandcamp.com/
soviet-films,bandcamp,https://sovietfilms.bandcamp.com/
good-job-kid,bandcamp,https://goodjobkid.bandcamp.com/
dodo-appreciation-society,bandcamp,https://thedodoappreciationsociety1.bandcamp.com/
we-punch-tigers,bandcamp,https://wepunchtigers.bandcamp.com/
we-punch-tigers,facebook,https://www.facebook.com/WePunchTigersBand/
mices,bandcamp,https://micesareaband.bandcamp.com/
sprainer,bandcamp,https://sprainer.bandcamp.com/
the-prods,bandcamp,https://theprods.bandcamp.com/
the-prods,website,https://theprods.com
oh-doom,bandcamp,https://ohdoom.bandcamp.com/
for-i-the-badger,bandcamp,https://forithebadger.bandcamp.com/
rudimentary-paste,bandcamp,https://rudimentarypaste.bandcamp.com/
a-great-notion,bandcamp,https://agreatnotion.bandcamp.com/
jrowsy,bandcamp,https://jrowsy.bandcamp.com/
dead-leaves,bandcamp,https://deadleaves2.bandcamp.com/
rough-pup,bandcamp,https://roughpup.bandcamp.com/
ooh-shush,bandcamp,https://oohshush.bandcamp.com/
kanfora,bandcamp,https://kanfora.bandcamp.com/
my-name-is-o,bandcamp,https://nameequalso.bandcamp.com/
al-pacinos-sister,bandcamp,https://alpacinossister.bandcamp.com/
