title,artist,band_slugs,type,released_text,released_date,bandcamp_url,cover_url,label,source
Something To Say,Rough Pup,rough-pup,EP,13 April 2026,2026-04-13,https://roughpup.bandcamp.com/album/something-to-say,https://f4.bcbits.com/img/a3019491631_5.jpg,Socks On Records,band page
EP 1,Mices,mices,EP,31 May 2023,2023-05-31,https://micesareaband.bandcamp.com/album/ep-1,https://f4.bcbits.com/img/a0696584074_5.jpg,,band page
¡Unchained Melanie!,Our Souls,our-souls,Track,06 June 2026,2026-06-06,https://weareoursouls.bandcamp.com/track/unchained-melanie,https://f4.bcbits.com/img/a4142406108_5.jpg,,band page
unsociabilities...,A Great Notion,a-great-notion,Album,9 June 2023,2023-06-09,,,,band bio (date from announcement)
Get Up,Das Kapitans,das-kapitans,EP,,,,,Socks On Records,label page; CD also sold on Big Cartel at 5 GBP
Idol (Single),Das Kapitans,das-kapitans,Single,Jun 2023,,,,Socks On Records,label page
Lungs,Das Kapitans,das-kapitans,Release,,,,,Socks On Records,label page
Live at P-Town's Most Wanted,Das Kapitans,das-kapitans,Live,,,,,Socks On Records,label page
Live at Mamma Liz's Voodoo Lounge,Das Kapitans,das-kapitans,Live,,,,,Socks On Records,label page
The Dogs Got Jobs,Das Kapitans,das-kapitans,Release,,,,,Socks On Records,label page
Das Kapitans,Das Kapitans,das-kapitans,Release,May 2024,,,,Socks On Records,label page
SPLIT,Das Kapitans & Mices,das-kapitans;mices,Split,,,,,Socks On Records,label page
Live At The Ostrich,Al Pacinos Sister,al-pacinos-sister,Live,,,,,Socks On Records,label page
Trevor,Al Pacinos Sister,al-pacinos-sister,Release,,,,,Socks On Records,label page
La La Land,Al Pacinos Sister,al-pacinos-sister,Release,,,,,Socks On Records,label page
Slipped Through The Moment,O (My Name Is O),my-name-is-o,Release,,,,,Socks On Records,label page
Night Fades Too Soon/Sinking,O featuring The Dan The D,my-name-is-o;dan-the-d,Release,,,,,Socks On Records,label page
Socks On Records & Friends Vol 2,Various artists,,Compilation,23 March 2023,2023-03-23,https://socksonrecords.bandcamp.com/album/socks-on-records-friends-vol-2,,Socks On Records,label page; 23 tracks
Socks On Records And Friends Volume 3,Various artists,,Compilation,01 September 2023,2023-09-01,https://socksonrecords.bandcamp.com/album/socks-on-records-and-friends-volume-3,,Socks On Records,label page; proceeds to MIND CPSL
Live at Mama Liz's Voodoo Lounge,Socks On Records,,Live,May 2023,,,,Socks On Records,label page
Socks On Party Live 2025,Socks On Records,,Live,2025,,,,Socks On Records,label page
2 Angry Songs,[artist unknown],,Release,Mar 2026,,,,Socks On Records,"label page, artist not captured"
Elvytys,[artist unknown],,Release,Apr 2026,,,,Socks On Records,"label page, artist not captured"
Bootlegs & B-Sides,[artist unknown],,Release,May 2026,,,,Socks On Records,"label page, artist not captured"
two,[artist unknown],,Release,May 2026,,,,Socks On Records,"label page, artist not captured"
