slug,name,location,bio,image_url,instagram_url,facebook_url,spotify_url,youtube_url,website_url
gtfod,Get The Fuck Outta Dodge,"Sheffield, UK",Bass shouts and drum yelps from Def Leppard country.,https://f4.bcbits.com/img/0039456292_10.jpg,,https://www.facebook.com/Gtfod/,,https://www.youtube.com/channel/UChZDXjjTFAKxiGu2VrajGLg,
das-kapitans,Das Kapitans,"Peterborough, UK",Energetic indie punk rock from the Norfolk/Cambridgeshire borders. Founders of Socks On Records and lovers of friendly people.,https://f4.bcbits.com/img/0044990874_10.jpg,https://www.instagram.com/daskapitansband/,,,,https://linktr.ee/Daskapitans
coup-de-tete,coup de tete,"Peterborough, UK",,https://f4.bcbits.com/img/0031643233_10.jpg,,,,,http://linktr.ee/coupdetete
dan-the-d,The Dan The D (aka Dan Donovan),"England, UK","Over a 30 year period Englishman Dan Donovan has recorded 18 albums. Dan moves between the gritty sonic pages of alt blues, garage rock, ambient and alt folk. Here is a selection of some of his releases.",https://f4.bcbits.com/img/0040329785_10.jpg,,,,,http://dandonovan-muso.com/
our-souls,Our Souls,"Leicester, UK","Louche Leicester quartet pedalling a brand of melodic punk rock oscillating between fury and world-weary ennui. Think Iron Chic in a blender with Banner Pilot, add a teaspoon of cynicism and a twist of bitterness and, yum, it's Our Souls.",https://f4.bcbits.com/img/0041697766_10.jpg,https://www.instagram.com/weareoursouls/,https://www.facebook.com/WeAreOurSouls,,,
soviet-films,Soviet Films,"Peterborough, UK",,https://f4.bcbits.com/img/0032513105_10.jpg,https://www.instagram.com/sovietfilms/,https://www.facebook.com/sovietfilms,,,
good-job-kid,Good Job Kid,"Peterborough, UK",Peterborough Synth Fuelled Midwest Emo Attempt Will/Aidan,https://f4.bcbits.com/img/0040462438_10.jpg,https://www.instagram.com/goodjobkidband/,https://www.facebook.com/goodjobkidband,,,
dodo-appreciation-society,The Dodo Appreciation Society,,All hail the dodo 🙏🏻🙏🏻🙏🏻,https://f4.bcbits.com/img/0032366728_10.jpg,,https://www.facebook.com/thedodoappreciationsociety,,,
we-punch-tigers,We Punch Tigers,"Basildon, UK",Punk band Punk songs,https://f4.bcbits.com/img/0027532590_10.jpg,,,,,
mices,Mices,"Norwich, UK",Dad Noise.,,,,,,
sprainer,Sprainer,"Peterborough, UK",,https://f4.bcbits.com/img/0037444117_10.jpg,https://www.instagram.com/sprainer_/,https://www.facebook.com/sprainerband/,,https://www.youtube.com/channel/UCCk5F-LUqvx0UXElrMsLekQ,
the-prods,The Prods,"London, UK",,https://f4.bcbits.com/img/0014995956_10.jpg,https://www.instagram.com/TheProdsBand/,,https://open.spotify.com/artist/1IkceGkFDJ9OjuXvttJpHn,https://www.youtube.com/channel/UCkLqg_YcTc-6J24mcKF72YQ,http://theprods.com/
oh-doom,Oh Doom!,"England, UK","Loud, sad songs from North London/Hertfordshire, UK.",https://f4.bcbits.com/img/0036209266_10.jpg,,,,,https://linktr.ee/ohdoomband
for-i-the-badger,FOR I THE BADGER,"England, UK",,https://f4.bcbits.com/img/0042978890_10.jpg,https://www.instagram.com/forithebadger/,,,,
rudimentary-paste,Rudimentary Paste,"England, UK",,https://f4.bcbits.com/img/0041112688_10.jpg,https://www.instagram.com/rudimentarypaste/,,,,
a-great-notion,A Great Notion,"Peterborough, UK",Four piece punk rock from Cambridgeshire. New album “unsociabilities…” out 9th June 2023,https://f4.bcbits.com/img/0032427506_10.jpg,,https://www.facebook.com/pages/A-Great-Notion/132239303468502,,,http://www.agreatnotion.co.uk/
jrowsy,jrowsy,"Peterborough, UK","jrowsy is an alternative artist from Peterborough, UK.part of Socks on Records.",https://f4.bcbits.com/img/0046488777_10.jpg,,,,,
dead-leaves,Dead Leaves,"Peterborough, UK",,https://f4.bcbits.com/img/0041182860_10.jpg,,,,,
rough-pup,Rough Pup,"England, UK","Peterborough based 3 piece Alternative Melodic Punk Rock formed in 2025. Debut EP ""Something To Say"" released 13th April 2026. Proudly part of the Socks On Records family.",,,,,,
ooh-shush,Ooh Shush,"Peterborough, UK","Funky, indie, punky",https://f4.bcbits.com/img/0043393456_10.jpg,,,,,
kanfora,Kanfora,"Varese, Italy",Most of what we have been is here. Music is just a medium.,https://f4.bcbits.com/img/0041931219_10.jpg,,,,,
my-name-is-o,My Name Is O,"London, UK",My Name Is O,https://f4.bcbits.com/img/0038728855_10.jpg,,,,,
al-pacinos-sister,Al Pacinos Sister,"England, UK",,https://f4.bcbits.com/img/0045131584_10.jpg,,,,,
