title,artist,band_slugs,type,released_text,released_date,url,cover_url,embed_url,about
Still Singing,A Great Notion,a-great-notion,Album,10 April 2010,2010-04-10,https://agreatnotion.bandcamp.com/album/still-singing,https://f4.bcbits.com/img/a2747015045_5.jpg,https://bandcamp.com/EmbeddedPlayer/album=3457210175/,
FUN WITH SWIFTS,A Great Notion,a-great-notion,Album,16 August 2012,2012-08-16,https://agreatnotion.bandcamp.com/album/fun-with-swifts,https://f4.bcbits.com/img/a3719596973_5.jpg,https://bandcamp.com/EmbeddedPlayer/album=150289026/,
Luke Hilly & The Cavalry / A Great Notion split,A Great Notion,a-great-notion,Album,1 July 2013,2013-07-01,https://agreatnotion.bandcamp.com/album/luke-hilly-the-cavalry-a-great-notion-split,https://f4.bcbits.com/img/a2201330331_5.jpg,https://bandcamp.com/EmbeddedPlayer/album=3159696311/,
possibilities...,A Great Notion,a-great-notion,Album,7 September 2013,2013-09-07,https://agreatnotion.bandcamp.com/album/possibilities-2,https://f4.bcbits.com/img/a3489344254_5.jpg,https://bandcamp.com/EmbeddedPlayer/album=3937423711/,
A Little Scared EP,A Great Notion,a-great-notion,Album,1 September 2014,2014-09-01,https://agreatnotion.bandcamp.com/album/a-little-scared-ep,https://f4.bcbits.com/img/a3624367600_5.jpg,https://bandcamp.com/EmbeddedPlayer/album=4267065522/,
responsibilities...,A Great Notion,a-great-notion,Album,28 April 2017,2017-04-28,https://agreatnotion.bandcamp.com/album/responsibilities-2,https://f4.bcbits.com/img/a2385374030_5.jpg,https://bandcamp.com/EmbeddedPlayer/album=1795515354/,
Blackout - single,A Great Notion,a-great-notion,Track,20 October 2022,2022-10-20,https://agreatnotion.bandcamp.com/track/blackout-single,https://f4.bcbits.com/img/a2431059995_5.jpg,https://bandcamp.com/EmbeddedPlayer/track=863307020/,
All Good Things - single,A Great Notion,a-great-notion,Track,28 March 2023,2023-03-28,https://agreatnotion.bandcamp.com/track/all-good-things-single,https://f4.bcbits.com/img/a1291045198_5.jpg,https://bandcamp.com/EmbeddedPlayer/track=1959993013/,
Get Gone - single,A Great Notion,a-great-notion,Track,2 April 2023,2023-04-02,https://agreatnotion.bandcamp.com/track/get-gone-single,https://f4.bcbits.com/img/a1140111446_5.jpg,https://bandcamp.com/EmbeddedPlayer/track=1615496534/,
Unsociabilities - single,A Great Notion,a-great-notion,Track,6 May 2023,2023-05-06,https://agreatnotion.bandcamp.com/track/unsociabilities-single,https://f4.bcbits.com/img/a2937276329_5.jpg,https://bandcamp.com/EmbeddedPlayer/track=2944575012/,
Cheer Up Jords,A Great Notion,a-great-notion,Track,9 May 2023,2023-05-09,https://agreatnotion.bandcamp.com/track/cheer-up-jords,https://f4.bcbits.com/img/a1985410222_5.jpg,https://bandcamp.com/EmbeddedPlayer/track=2201481655/,
unsociabilities...,A Great Notion,a-great-notion,Album,9 June 2023,2023-06-09,https://agreatnotion.bandcamp.com/album/unsociabilities,https://f4.bcbits.com/img/a4273038181_5.jpg,https://bandcamp.com/EmbeddedPlayer/album=4059256918/,
NOTHING TO WRITE HOME ABOUT (2025 Anniversary Remix),A Great Notion,a-great-notion,Track,11 June 2025,2025-06-11,https://agreatnotion.bandcamp.com/track/nothing-to-write-home-about-2025-anniversary-remix,https://f4.bcbits.com/img/a0733777409_5.jpg,https://bandcamp.com/EmbeddedPlayer/track=1634518029/,
We're A Mess,A Great Notion,a-great-notion,Track,25 August 2025,2025-08-25,https://agreatnotion.bandcamp.com/track/were-a-mess-2,https://f4.bcbits.com/img/a1134396515_5.jpg,https://bandcamp.com/EmbeddedPlayer/track=3963799257/,
"Wrong Place, Right Time",Al Pacinos Sister,al-pacinos-sister,Album,18 November 2021,2021-11-18,https://alpacinossister.bandcamp.com/album/wrong-place-right-time,https://f4.bcbits.com/img/a3929632999_5.jpg,https://bandcamp.com/EmbeddedPlayer/album=3201226050/,
Trained In Karate,Al Pacinos Sister,al-pacinos-sister,Album,24 February 2022,2022-02-24,https://alpacinossister.bandcamp.com/album/trained-in-karate,https://f4.bcbits.com/img/a0767138585_5.jpg,https://bandcamp.com/EmbeddedPlayer/album=1975382735/,
DOGZ,Al Pacinos Sister,al-pacinos-sister,Album,13 July 2022,2022-07-13,https://alpacinossister.bandcamp.com/album/dogz,https://f4.bcbits.com/img/a3261824937_5.jpg,https://bandcamp.com/EmbeddedPlayer/album=1592603346/,
Al Pacinos Sister,Al Pacinos Sister,al-pacinos-sister,Album,5 November 2022,2022-11-05,https://alpacinossister.bandcamp.com/album/al-pacinos-sister-2,https://f4.bcbits.com/img/a1468623979_5.jpg,https://bandcamp.com/EmbeddedPlayer/album=4188667270/,
La La Land,Al Pacinos Sister,al-pacinos-sister,Track,13 April 2023,2023-04-13,https://alpacinossister.bandcamp.com/track/la-la-land,https://f4.bcbits.com/img/a0218761386_5.jpg,https://bandcamp.com/EmbeddedPlayer/track=563167812/,Its Called La La Land
Trevor,Al Pacinos Sister,al-pacinos-sister,Album,3 May 2023,2023-05-03,https://alpacinossister.bandcamp.com/album/trevor,https://f4.bcbits.com/img/a3408372090_5.jpg,https://bandcamp.com/EmbeddedPlayer/album=2478220342/,
Trans Sister Radio,Al Pacinos Sister,al-pacinos-sister,Album,13 July 2023,2023-07-13,https://alpacinossister.bandcamp.com/album/trans-sister-radio,https://f4.bcbits.com/img/a2229693192_5.jpg,https://bandcamp.com/EmbeddedPlayer/album=1727989335/,
6 Ep's Plus 2 Songs,Al Pacinos Sister,al-pacinos-sister,Album,2 January 2024,2024-01-02,https://alpacinossister.bandcamp.com/album/6-eps-plus-2-songs,https://f4.bcbits.com/img/a2953884283_5.jpg,https://bandcamp.com/EmbeddedPlayer/album=2288240312/,
Live At The Ostrich,Al Pacinos Sister,al-pacinos-sister,Album,2 February 2026,2026-02-02,https://alpacinossister.bandcamp.com/album/live-at-the-ostrich,https://f4.bcbits.com/img/a2771035463_5.jpg,https://bandcamp.com/EmbeddedPlayer/album=1439754247/,
2 Angry Songs,Al Pacinos Sister,al-pacinos-sister,Album,31 March 2026,2026-03-31,https://alpacinossister.bandcamp.com/album/2-angry-songs,https://f4.bcbits.com/img/a2750104461_5.jpg,https://bandcamp.com/EmbeddedPlayer/album=2541834928/,
Algorithm of Destruction,coup de tete,coup-de-tete,Album,5 March 2023,2023-03-05,https://coupdetete.bandcamp.com/album/algorithm-of-destruction,https://f4.bcbits.com/img/a2843706945_5.jpg,https://bandcamp.com/EmbeddedPlayer/album=3063003668/,
The Fens,coup de tete,coup-de-tete,Album,16 April 2023,2023-04-16,https://coupdetete.bandcamp.com/album/the-fens,https://f4.bcbits.com/img/a2554498547_5.jpg,https://bandcamp.com/EmbeddedPlayer/album=1536770890/,
Lite,coup de tete,coup-de-tete,Album,27 May 2023,2023-05-27,https://coupdetete.bandcamp.com/album/lite,https://f4.bcbits.com/img/a3573879488_5.jpg,https://bandcamp.com/EmbeddedPlayer/album=1568816095/,
Saint of Killers,coup de tete,coup-de-tete,Album,4 June 2023,2023-06-04,https://coupdetete.bandcamp.com/album/saint-of-killers,https://f4.bcbits.com/img/a3308236086_5.jpg,https://bandcamp.com/EmbeddedPlayer/album=2205766625/,
Homage to Holbeach,coup de tete,coup-de-tete,Album,21 July 2023,2023-07-21,https://coupdetete.bandcamp.com/album/homage-to-holbeach,https://f4.bcbits.com/img/a3483139035_5.jpg,https://bandcamp.com/EmbeddedPlayer/album=514111974/,
Whisper on the Storm,coup de tete,coup-de-tete,Track,9 August 2023,2023-08-09,https://coupdetete.bandcamp.com/track/whisper-on-the-storm,https://f4.bcbits.com/img/a3984055145_5.jpg,https://bandcamp.com/EmbeddedPlayer/track=3667115786/,
13 Years,coup de tete,coup-de-tete,Album,9 March 2024,2024-03-09,https://coupdetete.bandcamp.com/album/13-years,https://f4.bcbits.com/img/a0821907974_5.jpg,https://bandcamp.com/EmbeddedPlayer/album=2361607882/,
Humans = Extermination,coup de tete,coup-de-tete,Album,12 May 2024,2024-05-12,https://coupdetete.bandcamp.com/album/humans-extermination-2,https://f4.bcbits.com/img/a2579813758_5.jpg,https://bandcamp.com/EmbeddedPlayer/album=4162106936/,
The Last One,coup de tete,coup-de-tete,Album,10 October 2025,2025-10-10,https://coupdetete.bandcamp.com/album/the-last-one,https://f4.bcbits.com/img/a0499405173_5.jpg,https://bandcamp.com/EmbeddedPlayer/album=1574367364/,
Dan Donovan 12_12 Acoustic Sessions,The Dan The D (aka Dan Donovan),dan-the-d,Album,1 February 2016,2016-02-01,https://dandonovan.bandcamp.com/album/dan-donovan-12-12-acoustic-sessions,https://f4.bcbits.com/img/a2238324688_5.jpg,https://bandcamp.com/EmbeddedPlayer/album=2497935899/,
Mojo del Rancho,The Dan The D (aka Dan Donovan),dan-the-d,Album,20 April 2020,2020-04-20,https://dandonovan.bandcamp.com/album/mojo-del-rancho,https://f4.bcbits.com/img/a0299586387_5.jpg,https://bandcamp.com/EmbeddedPlayer/album=538029413/,
Trashbone Thang - 1993,Dan Donovan,dan-the-d,Album,27 April 2020,2020-04-27,https://dandonovan.bandcamp.com/album/trashbone-thang-1993,https://f4.bcbits.com/img/a3869485301_5.jpg,https://bandcamp.com/EmbeddedPlayer/album=1041484658/,
Shook Up Shook Up - 1991,Tribe of Dan,dan-the-d,Album,27 April 2020,2020-04-27,https://dandonovan.bandcamp.com/album/shook-up-shook-up-1991,https://f4.bcbits.com/img/a1284059214_5.jpg,https://bandcamp.com/EmbeddedPlayer/album=2210975656/,
Unearthed Moose Tracks,Dan Donovan,dan-the-d,Album,26 May 2020,2020-05-26,https://dandonovan.bandcamp.com/album/unearthed-moose-tracks,https://f4.bcbits.com/img/a2087676486_5.jpg,https://bandcamp.com/EmbeddedPlayer/album=3251657932/,
The Leaven Dell,Dan Donovan,dan-the-d,Album,5 June 2020,2020-06-05,https://dandonovan.bandcamp.com/album/the-leaven-dell,https://f4.bcbits.com/img/a1897610978_5.jpg,https://bandcamp.com/EmbeddedPlayer/album=235327891/,
Dust Shaker,Dan Donovan,dan-the-d,Album,3 July 2020,2020-07-03,https://dandonovan.bandcamp.com/album/dust-shaker,https://f4.bcbits.com/img/a3520684314_5.jpg,https://bandcamp.com/EmbeddedPlayer/album=2236206210/,
The Bootus Red,Tribe of Dan,dan-the-d,Album,7 August 2020,2020-08-07,https://dandonovan.bandcamp.com/album/the-bootus-red,https://f4.bcbits.com/img/a2603423947_5.jpg,https://bandcamp.com/EmbeddedPlayer/album=461409052/,
Swamp Cranks - The Tapes,Swamp Cranks,dan-the-d,Album,2 October 2020,2020-10-02,https://dandonovan.bandcamp.com/album/swamp-cranks-the-tapes,https://f4.bcbits.com/img/a2791712523_5.jpg,https://bandcamp.com/EmbeddedPlayer/album=2958656641/,
Bat Beats,The Dan The D,dan-the-d,Album,24 July 2021,2021-07-24,https://dandonovan.bandcamp.com/album/bat-beats,https://f4.bcbits.com/img/a2480851699_5.jpg,https://bandcamp.com/EmbeddedPlayer/album=983507447/,
The Hex The Ghears,The Dan The D (aka Dan Donovan),dan-the-d,Album,3 December 2021,2021-12-03,https://dandonovan.bandcamp.com/album/the-hex-the-ghears,https://f4.bcbits.com/img/a3173363845_5.jpg,https://bandcamp.com/EmbeddedPlayer/album=1209635777/,
Bones and Stones,The Dan The D,dan-the-d,Album,1 June 2025,2025-06-01,https://dandonovan.bandcamp.com/album/bones-and-stones,https://f4.bcbits.com/img/a1791607666_5.jpg,https://bandcamp.com/EmbeddedPlayer/album=1256655504/,
Demo #1,Das Kapitans,das-kapitans,Album,14 March 2020,2020-03-14,https://daskapitansband.bandcamp.com/album/demo-1,https://f4.bcbits.com/img/a0097421464_5.jpg,https://bandcamp.com/EmbeddedPlayer/album=1284796424/,
Freedom Of Speech (Demo),Das Kapitans,das-kapitans,Track,30 March 2020,2020-03-30,https://daskapitansband.bandcamp.com/track/freedom-of-speech-demo,https://f4.bcbits.com/img/a2416285233_5.jpg,https://bandcamp.com/EmbeddedPlayer/track=141572955/,
Survival Of The Sickest,Das Kapitans,das-kapitans,Track,4 May 2020,2020-05-04,https://daskapitansband.bandcamp.com/track/survival-of-the-sickest,https://f4.bcbits.com/img/a3060112349_5.jpg,https://bandcamp.com/EmbeddedPlayer/track=1463822857/,
Music Against Living Miserably Volume 1 (Raising Funds For CALM),Various Artists,das-kapitans,Album,1 July 2020,2020-07-01,https://daskapitansband.bandcamp.com/album/music-against-living-miserably-volume-1-raising-funds-for-calm,https://f4.bcbits.com/img/a2490373055_5.jpg,https://bandcamp.com/EmbeddedPlayer/album=2318021030/,
Four Songs - ep,Das Kapitans,das-kapitans,Album,2 November 2020,2020-11-02,https://daskapitansband.bandcamp.com/album/four-songs-ep,https://f4.bcbits.com/img/a3188337385_5.jpg,https://bandcamp.com/EmbeddedPlayer/album=1859539542/,
Tom Cruise - Single,Das Kapitans,das-kapitans,Track,21 December 2020,2020-12-21,https://daskapitansband.bandcamp.com/track/tom-cruise-single,https://f4.bcbits.com/img/a3575274784_5.jpg,https://bandcamp.com/EmbeddedPlayer/track=933421550/,
Unwrapped Aliens,Das Kapitans,das-kapitans,Track,23 December 2020,2020-12-23,https://daskapitansband.bandcamp.com/track/unwrapped-aliens,https://f4.bcbits.com/img/a1444256372_5.jpg,https://bandcamp.com/EmbeddedPlayer/track=468858889/,
Joulukuu,Das Kapitans,das-kapitans,Album,1 January 2021,2021-01-01,https://daskapitansband.bandcamp.com/album/joulukuu,https://f4.bcbits.com/img/a2807674452_5.jpg,https://bandcamp.com/EmbeddedPlayer/album=4062347279/,
#2,Das Kapitans,das-kapitans,Album,25 January 2021,2021-01-25,https://daskapitansband.bandcamp.com/album/2,https://f4.bcbits.com/img/a2350132859_5.jpg,https://bandcamp.com/EmbeddedPlayer/album=3410395798/,
Four More Songs,Das Kapitans,das-kapitans,Album,9 February 2021,2021-02-09,https://daskapitansband.bandcamp.com/album/four-more-songs,https://f4.bcbits.com/img/a2612228177_5.jpg,https://bandcamp.com/EmbeddedPlayer/album=3831316261/,
Blah Blah Blah,Das Kapitans,das-kapitans,Album,26 February 2021,2021-02-26,https://daskapitansband.bandcamp.com/album/blah-blah-blah,https://f4.bcbits.com/img/a2914364916_5.jpg,https://bandcamp.com/EmbeddedPlayer/album=1613592802/,
Mushrooms,Das Kapitans,das-kapitans,Track,1 April 2021,2021-04-01,https://daskapitansband.bandcamp.com/track/mushrooms,https://f4.bcbits.com/img/a1026197220_5.jpg,https://bandcamp.com/EmbeddedPlayer/track=274558221/,
SONGS,Das Kapitans,das-kapitans,Album,2 April 2021,2021-04-02,https://daskapitansband.bandcamp.com/album/songs,https://f4.bcbits.com/img/a2662520627_5.jpg,https://bandcamp.com/EmbeddedPlayer/album=3300353888/,
Semi Skimmed,Das Kapitans,das-kapitans,Album,1 May 2021,2021-05-01,https://daskapitansband.bandcamp.com/album/semi-skimmed,https://f4.bcbits.com/img/a3532549496_5.jpg,https://bandcamp.com/EmbeddedPlayer/album=2567111230/,
Time (Feat. Matt Beard of Call to the Faithful),Das Kapitans,das-kapitans,Track,14 May 2021,2021-05-14,https://daskapitansband.bandcamp.com/track/time-feat-matt-beard-of-call-to-the-faithful,https://f4.bcbits.com/img/a4197657353_5.jpg,https://bandcamp.com/EmbeddedPlayer/track=1487949408/,
"A Strange Mix Of Songs, We For Some Reason Called Singles + Esjaybe",Das Kapitans,das-kapitans,Album,26 May 2021,2021-05-26,https://daskapitansband.bandcamp.com/album/a-strange-mix-of-songs-we-for-some-reason-called-singles-esjaybe,https://f4.bcbits.com/img/a1546936438_5.jpg,https://bandcamp.com/EmbeddedPlayer/album=3415253733/,
X Y Z,Das Kapitans,das-kapitans,Album,1 June 2021,2021-06-01,https://daskapitansband.bandcamp.com/album/x-y-z,https://f4.bcbits.com/img/a1156891961_5.jpg,https://bandcamp.com/EmbeddedPlayer/album=3485179519/,
Man On Fire,Das Kapitans,das-kapitans,Album,15 June 2021,2021-06-15,https://daskapitansband.bandcamp.com/album/man-on-fire,https://f4.bcbits.com/img/a2429089219_5.jpg,https://bandcamp.com/EmbeddedPlayer/album=949311962/,
Seven,Das Kapitans,das-kapitans,Album,18 June 2021,2021-06-18,https://daskapitansband.bandcamp.com/album/seven,https://f4.bcbits.com/img/a0268591907_5.jpg,https://bandcamp.com/EmbeddedPlayer/album=3868115828/,
On Me Head Son,Das Kapitans,das-kapitans,Album,1 July 2021,2021-07-01,https://daskapitansband.bandcamp.com/album/on-me-head-son,https://f4.bcbits.com/img/a2860034056_5.jpg,https://bandcamp.com/EmbeddedPlayer/album=2250100843/,
Fall,Das Kapitans,das-kapitans,Album,1 August 2021,2021-08-01,https://daskapitansband.bandcamp.com/album/fall,https://f4.bcbits.com/img/a3676333094_5.jpg,https://bandcamp.com/EmbeddedPlayer/album=2336086891/,
10,Das Kapitans,das-kapitans,Album,1 October 2021,2021-10-01,https://daskapitansband.bandcamp.com/album/10,https://f4.bcbits.com/img/a0641968995_5.jpg,https://bandcamp.com/EmbeddedPlayer/album=500407404/,
Live On The Doc Mason Show,Das Kapitans,das-kapitans,Album,27 October 2021,2021-10-27,https://daskapitansband.bandcamp.com/album/live-on-the-doc-mason-show,https://f4.bcbits.com/img/a1502726291_5.jpg,https://bandcamp.com/EmbeddedPlayer/album=1342300666/,
Elf,Das Kapitans,das-kapitans,Album,5 November 2021,2021-11-05,https://daskapitansband.bandcamp.com/album/elf,https://f4.bcbits.com/img/a1307032121_5.jpg,https://bandcamp.com/EmbeddedPlayer/album=1164483208/,
We Did A Couple Of Alkaline Trio Covers,Das Kapitans,das-kapitans,Album,25 November 2021,2021-11-25,https://daskapitansband.bandcamp.com/album/we-did-a-couple-of-alkaline-trio-covers,https://f4.bcbits.com/img/a2413298702_5.jpg,https://bandcamp.com/EmbeddedPlayer/album=755006592/,
Happy,Das Kapitans,das-kapitans,Album,3 December 2021,2021-12-03,https://daskapitansband.bandcamp.com/album/happy,https://f4.bcbits.com/img/a2289453240_5.jpg,https://bandcamp.com/EmbeddedPlayer/album=829926431/,
That'll Do For This Year (The Best Of 2021),Das Kapitans,das-kapitans,Album,18 December 2021,2021-12-18,https://daskapitansband.bandcamp.com/album/thatll-do-for-this-year-the-best-of-2021,https://f4.bcbits.com/img/a4227582786_5.jpg,https://bandcamp.com/EmbeddedPlayer/album=436455427/,
"A: BIG MUFF, B:MTV",Das Kapitans,das-kapitans,Album,1 February 2022,2022-02-01,https://daskapitansband.bandcamp.com/album/a-big-muff-b-mtv,https://f4.bcbits.com/img/a3559366758_5.jpg,https://bandcamp.com/EmbeddedPlayer/album=1679313377/,
No War,Das Kapitans,das-kapitans,Track,18 March 2022,2022-03-18,https://daskapitansband.bandcamp.com/track/no-war,https://f4.bcbits.com/img/a1503497911_5.jpg,https://bandcamp.com/EmbeddedPlayer/track=580370161/,
That'll Do Pig + Council Pop,Das Kapitans,das-kapitans,Album,1 April 2022,2022-04-01,https://daskapitansband.bandcamp.com/album/thatll-do-pig-council-pop,https://f4.bcbits.com/img/a2684020791_5.jpg,https://bandcamp.com/EmbeddedPlayer/album=786814962/,
To The Sea (Single Version),Das Kapitans,das-kapitans,Track,1 August 2022,2022-08-01,https://daskapitansband.bandcamp.com/track/to-the-sea-single-version,https://f4.bcbits.com/img/a3159253169_5.jpg,https://bandcamp.com/EmbeddedPlayer/track=3815240439/,
Debut,Das Kapitans,das-kapitans,Album,19 August 2022,2022-08-19,https://daskapitansband.bandcamp.com/album/debut,https://f4.bcbits.com/img/a3672041474_5.jpg,https://bandcamp.com/EmbeddedPlayer/album=901845213/,
Lungs,Das Kapitans,das-kapitans,Album,30 March 2023,2023-03-30,https://daskapitansband.bandcamp.com/album/lungs,https://f4.bcbits.com/img/a3797575029_5.jpg,https://bandcamp.com/EmbeddedPlayer/album=3884112917/,
Live at P-Town's Most Wanted,Das Kapitans,das-kapitans,Album,9 May 2023,2023-05-09,https://daskapitansband.bandcamp.com/album/live-at-p-towns-most-wanted,https://f4.bcbits.com/img/a2795396543_5.jpg,https://bandcamp.com/EmbeddedPlayer/album=1770314716/,
Live at Mamma Liz's Voodoo Lounge,Das Kapitans,das-kapitans,Album,14 May 2023,2023-05-14,https://daskapitansband.bandcamp.com/album/live-at-mamma-lizs-voodoo-lounge,https://f4.bcbits.com/img/a0191910126_5.jpg,https://bandcamp.com/EmbeddedPlayer/album=3387945944/,
Idol (Single),Das Kapitans,das-kapitans,Track,9 June 2023,2023-06-09,https://daskapitansband.bandcamp.com/track/idol-single,https://f4.bcbits.com/img/a2127139481_5.jpg,https://bandcamp.com/EmbeddedPlayer/track=1363459956/,
Das Kapitans,Das Kapitans,das-kapitans,Album,28 May 2024,2024-05-28,https://daskapitansband.bandcamp.com/album/das-kapitans,https://f4.bcbits.com/img/a1964962178_5.jpg,https://bandcamp.com/EmbeddedPlayer/album=3357900208/,
SPLIT,Das Kapitans & Mices,"das-kapitans,mices",Album,11 February 2025,2025-02-11,https://socksonrecords.bandcamp.com/album/split,https://f4.bcbits.com/img/a1762330616_5.jpg,https://bandcamp.com/EmbeddedPlayer/album=136047740/,Das Kapitans and Mices have been admiring each others work for the last few years since coming together as part of the Socks On Records community.
Get Up,Das Kapitans,das-kapitans,Album,22 August 2025,2025-08-22,https://daskapitansband.bandcamp.com/album/get-up,https://f4.bcbits.com/img/a3713007242_5.jpg,https://bandcamp.com/EmbeddedPlayer/album=3118268706/,
The Dogs Got Jobs,Das Kapitans,das-kapitans,Track,9 March 2026,2026-03-09,https://daskapitansband.bandcamp.com/track/the-dogs-got-jobs-2,https://f4.bcbits.com/img/a1947919929_5.jpg,https://bandcamp.com/EmbeddedPlayer/track=89967676/,
Elvytys,Das Kapitans,das-kapitans,Album,3 April 2026,2026-04-03,https://daskapitansband.bandcamp.com/album/elvytys,https://f4.bcbits.com/img/a1086052593_5.jpg,https://bandcamp.com/EmbeddedPlayer/album=723576313/,
Anima,Dead Leaves,dead-leaves,Track,3 October 2025,2025-10-03,https://deadleaves2.bandcamp.com/track/anima,https://f4.bcbits.com/img/a2381501693_5.jpg,https://bandcamp.com/EmbeddedPlayer/track=350315215/,
Bright Lights on Fire,Dead Leaves,dead-leaves,Track,6 December 2025,2025-12-06,https://deadleaves2.bandcamp.com/track/bright-lights-on-fire,https://f4.bcbits.com/img/a2355719276_5.jpg,https://bandcamp.com/EmbeddedPlayer/track=1214124718/,
We Are Dust,Dead Leaves,dead-leaves,Track,22 January 2026,2026-01-22,https://deadleaves2.bandcamp.com/track/we-are-dust,https://f4.bcbits.com/img/a3260094403_5.jpg,https://bandcamp.com/EmbeddedPlayer/track=3407683763/,
Apropos of Nothing,Dead Leaves,dead-leaves,Album,7 May 2026,2026-05-07,https://deadleaves2.bandcamp.com/album/apropos-of-nothing,https://f4.bcbits.com/img/a0101123853_5.jpg,https://bandcamp.com/EmbeddedPlayer/album=2325547657/,
None Of These Songs Are About A Dodo,The Dodo Appreciation Society,dodo-appreciation-society,Album,9 June 2023,2023-06-09,https://thedodoappreciationsociety1.bandcamp.com/album/none-of-these-songs-are-about-a-dodo,https://f4.bcbits.com/img/a2689330466_5.jpg,https://bandcamp.com/EmbeddedPlayer/album=958754241/,
Mushrooms,The Dodo Appreciation Society,dodo-appreciation-society,Track,4 September 2023,2023-09-04,https://thedodoappreciationsociety1.bandcamp.com/track/mushrooms,https://f4.bcbits.com/img/a2115259190_5.jpg,https://bandcamp.com/EmbeddedPlayer/track=1802122659/,
None Of These Songs Are About A Dodo Too,The Dodo Appreciation Society,dodo-appreciation-society,Album,24 October 2023,2023-10-24,https://thedodoappreciationsociety1.bandcamp.com/album/none-of-these-songs-are-about-a-dodo-too,https://f4.bcbits.com/img/a4290625913_5.jpg,https://bandcamp.com/EmbeddedPlayer/album=4282994018/,
Muggles on the Train,The Dodo Appreciation Society,dodo-appreciation-society,Album,1 April 2024,2024-04-01,https://thedodoappreciationsociety1.bandcamp.com/album/muggles-on-the-train,https://f4.bcbits.com/img/a2221757155_5.jpg,https://bandcamp.com/EmbeddedPlayer/album=1059741195/,
Birdwatching,The Dodo Appreciation Society,dodo-appreciation-society,Album,20 October 2024,2024-10-20,https://thedodoappreciationsociety1.bandcamp.com/album/birdwatching,https://f4.bcbits.com/img/a4197504482_5.jpg,https://bandcamp.com/EmbeddedPlayer/album=4021602319/,
Animal Frequencies,The Dodo Appreciation Society,dodo-appreciation-society,Album,4 July 2025,2025-07-04,https://thedodoappreciationsociety1.bandcamp.com/album/animal-frequencies,https://f4.bcbits.com/img/a2591612437_5.jpg,https://bandcamp.com/EmbeddedPlayer/album=1923541185/,
Rats & Rashes/Butcher Boy,FOR I THE BADGER,for-i-the-badger,Track,24 November 2024,2024-11-24,https://forithebadger.bandcamp.com/track/rats-rashes-butcher-boy,https://f4.bcbits.com/img/a2896450780_5.jpg,https://bandcamp.com/EmbeddedPlayer/track=4200895635/,
ALL HAIL,FOR I THE BADGER,for-i-the-badger,Track,5 November 2025,2025-11-05,https://forithebadger.bandcamp.com/track/all-hail,https://f4.bcbits.com/img/a2939090814_5.jpg,https://bandcamp.com/EmbeddedPlayer/track=4218661539/,
Luchador,FOR I THE BADGER,for-i-the-badger,Track,20 April 2026,2026-04-20,https://forithebadger.bandcamp.com/track/luchador,https://f4.bcbits.com/img/a1445974578_5.jpg,https://bandcamp.com/EmbeddedPlayer/track=4217975137/,
Breathe,FOR I THE BADGER,for-i-the-badger,Track,8 August 2026,2026-08-08,https://forithebadger.bandcamp.com/track/breathe,https://f4.bcbits.com/img/a2467121830_5.jpg,https://bandcamp.com/EmbeddedPlayer/track=3969812138/,
Good Demos Kid,Good Job Kid,good-job-kid,Album,20 April 2023,2023-04-20,https://goodjobkid.bandcamp.com/album/good-demos-kid,https://f4.bcbits.com/img/a3869554361_5.jpg,https://bandcamp.com/EmbeddedPlayer/album=2984505929/,
"Blood, Sweat and Beers",Good Job Kid,good-job-kid,Track,1 February 2025,2025-02-01,https://goodjobkid.bandcamp.com/track/blood-sweat-and-beers,https://f4.bcbits.com/img/a1491458218_5.jpg,https://bandcamp.com/EmbeddedPlayer/track=2629015880/,
Great... Ya Blew It,Good Job Kid,good-job-kid,Album,28 February 2025,2025-02-28,https://goodjobkid.bandcamp.com/album/great-ya-blew-it,https://f4.bcbits.com/img/a1279581659_5.jpg,https://bandcamp.com/EmbeddedPlayer/album=3250363252/,
Big Johns And A Bad Leg,Good Job Kid,good-job-kid,Track,13 March 2026,2026-03-13,https://goodjobkid.bandcamp.com/track/big-johns-and-a-bad-leg,https://f4.bcbits.com/img/a1196584698_5.jpg,https://bandcamp.com/EmbeddedPlayer/track=1621240357/,
Very Meadows,Good Job Kid,good-job-kid,Track,14 August 2026,2026-08-14,https://goodjobkid.bandcamp.com/track/very-meadows,https://f4.bcbits.com/img/a0882794657_5.jpg,https://bandcamp.com/EmbeddedPlayer/track=4018115417/,
Do You Think It's Dead?,Good Job Kid,good-job-kid,Track,24 September 2026,2026-09-24,https://goodjobkid.bandcamp.com/track/do-you-think-its-dead,https://f4.bcbits.com/img/a1406859192_5.jpg,https://bandcamp.com/EmbeddedPlayer/track=1307863884/,
"Climbing higher, hitting harder than King kong",Get The Fuck Outta Dodge,gtfod,Album,10 June 2019,2019-06-10,https://gtfod.bandcamp.com/album/climbing-higher-hitting-harder-than-king-kong,https://f4.bcbits.com/img/a2331837035_5.jpg,https://bandcamp.com/EmbeddedPlayer/album=4138276046/,
I Said God Damn!/Red Lorry/Yellow Lorry/Hugh Laurie,Get The Fuck Outta Dodge,gtfod,Album,30 May 2020,2020-05-30,https://gtfod.bandcamp.com/album/i-said-god-damn-red-lorry-yellow-lorry-hugh-laurie,https://f4.bcbits.com/img/a2488171520_5.jpg,https://bandcamp.com/EmbeddedPlayer/album=451693880/,
These Songs Aren't Ours,Get The Fuck Outta Dodge,gtfod,Album,7 June 2020,2020-06-07,https://gtfod.bandcamp.com/album/these-songs-arent-ours,https://f4.bcbits.com/img/a1826424782_5.jpg,https://bandcamp.com/EmbeddedPlayer/album=1201129576/,
We Make The Future Here,Get The Fuck Outta Dodge,gtfod,Album,17 September 2020,2020-09-17,https://gtfod.bandcamp.com/album/we-make-the-future-here,https://f4.bcbits.com/img/a3292058431_5.jpg,https://bandcamp.com/EmbeddedPlayer/album=993298713/,
"Climbing Higher, Getting X-Rayed Like King Kong",Get The Fuck Outta Dodge,gtfod,Album,30 September 2020,2020-09-30,https://gtfod.bandcamp.com/album/climbing-higher-getting-x-rayed-like-king-kong,https://f4.bcbits.com/img/a1344574079_5.jpg,https://bandcamp.com/EmbeddedPlayer/album=2140069780/,
Buzzkill,Get The Fuck Outta Dodge,gtfod,Album,30 October 2020,2020-10-30,https://gtfod.bandcamp.com/album/buzzkill,https://f4.bcbits.com/img/a0530627605_5.jpg,https://bandcamp.com/EmbeddedPlayer/album=1971055394/,
To Hell With Good Intentions,Get The Fuck Outta Dodge,gtfod,Track,23 December 2020,2020-12-23,https://gtfod.bandcamp.com/track/to-hell-with-good-intentions,https://f4.bcbits.com/img/a2674278772_5.jpg,https://bandcamp.com/EmbeddedPlayer/track=694620344/,
Close To Me,Get The Fuck Outta Dodge,gtfod,Track,26 March 2021,2021-03-26,https://gtfod.bandcamp.com/track/close-to-me-2,https://f4.bcbits.com/img/a2931766618_5.jpg,https://bandcamp.com/EmbeddedPlayer/track=2714507395/,
These Songs Still Aren't Ours,Get The Fuck Outta Dodge,gtfod,Album,7 May 2021,2021-05-07,https://gtfod.bandcamp.com/album/these-songs-still-arent-ours,https://f4.bcbits.com/img/a0325469543_5.jpg,https://bandcamp.com/EmbeddedPlayer/album=1494032740/,
Good vs Evil- (practice makes perfect mix),Get The Fuck Outta Dodge,gtfod,Track,24 July 2021,2021-07-24,https://gtfod.bandcamp.com/track/good-vs-evil-practice-makes-perfect-mix,https://f4.bcbits.com/img/a1748449439_5.jpg,https://bandcamp.com/EmbeddedPlayer/track=1219221273/,
Kill'em All,Get The Fuck Outta Dodge,gtfod,Track,1 December 2021,2021-12-01,https://gtfod.bandcamp.com/track/killem-all,https://f4.bcbits.com/img/a1966703722_5.jpg,https://bandcamp.com/EmbeddedPlayer/track=2254369318/,
It's Not Our Fault That Your Boyfriends Stupid,Get The Fuck Outta Dodge,gtfod,Album,24 February 2022,2022-02-24,https://gtfod.bandcamp.com/album/its-not-our-fault-that-your-boyfriends-stupid,https://f4.bcbits.com/img/a4141934190_5.jpg,https://bandcamp.com/EmbeddedPlayer/album=417234361/,
Original Pioneers of Justice,Get The Fuck Outta Dodge,gtfod,Album,30 September 2022,2022-09-30,https://gtfod.bandcamp.com/album/original-pioneers-of-justice,https://f4.bcbits.com/img/a1430602011_5.jpg,https://bandcamp.com/EmbeddedPlayer/album=257913120/,
Mammoth,Get The Fuck Outta Dodge,gtfod,Album,2 October 2022,2022-10-02,https://gtfod.bandcamp.com/album/mammoth,https://f4.bcbits.com/img/a1291576476_5.jpg,https://bandcamp.com/EmbeddedPlayer/album=3400307488/,
Dodge Does Das Does Dodge,Socks On Records,"gtfod,das-kapitans",Album,20 November 2022,2022-11-20,https://socksonrecords.bandcamp.com/album/dodge-does-das-does-dodge,https://f4.bcbits.com/img/a0607938206_5.jpg,https://bandcamp.com/EmbeddedPlayer/album=56985058/,"Friends, living far enough away from each other to not have to see each other so much, but close enough to make a split ep with each other. DIY punk noise."
GTFOD vs kiYOmi,Get The Fuck Outta Dodge,gtfod,Album,9 December 2022,2022-12-09,https://gtfod.bandcamp.com/album/gtfod-vs-kiyomi,https://f4.bcbits.com/img/a2636002716_5.jpg,https://bandcamp.com/EmbeddedPlayer/album=2049146817/,
"Well, if Die Hard is a Christmas film, then this is definitely a Christmas song",Get The Fuck Outta Dodge,gtfod,Track,9 December 2022,2022-12-09,https://gtfod.bandcamp.com/track/well-if-die-hard-is-a-christmas-film-then-this-is-definitely-a-christmas-song,https://f4.bcbits.com/img/a2335082605_5.jpg,https://bandcamp.com/EmbeddedPlayer/track=2392917012/,
Other Peoples Songs We Just Made Worse,Get The Fuck Outta Dodge,gtfod,Album,4 March 2023,2023-03-04,https://gtfod.bandcamp.com/album/other-peoples-songs-we-just-made-worse,https://f4.bcbits.com/img/a0502014231_5.jpg,https://bandcamp.com/EmbeddedPlayer/album=2311330254/,
Rebel Girl,Get The Fuck Outta Dodge,gtfod,Track,17 August 2023,2023-08-17,https://gtfod.bandcamp.com/track/rebel-girl-2,https://f4.bcbits.com/img/a1788642019_5.jpg,https://bandcamp.com/EmbeddedPlayer/track=1481139584/,
These Songs Aren't Ours Either,Get The Fuck Outta Dodge,gtfod,Album,23 August 2023,2023-08-23,https://gtfod.bandcamp.com/album/these-songs-arent-ours-either,https://f4.bcbits.com/img/a1606442828_5.jpg,https://bandcamp.com/EmbeddedPlayer/album=2987145168/,
Dodge Coup,Get The Fuck Outta Dodge & Coup De Tete,"gtfod,coup-de-tete",Album,21 October 2023,2023-10-21,https://gtfod.bandcamp.com/album/dodge-coup,https://f4.bcbits.com/img/a1761444238_5.jpg,https://bandcamp.com/EmbeddedPlayer/album=91013264/,
If We Knew This Was Being Recorded We Would Have Tried Harder,Get The Fuck Outta Dodge,gtfod,Album,27 October 2023,2023-10-27,https://gtfod.bandcamp.com/album/if-we-knew-this-was-being-recorded-we-would-have-tried-harder-2,https://f4.bcbits.com/img/a0869193338_5.jpg,https://bandcamp.com/EmbeddedPlayer/album=1326266437/,
II,Dodge Coup (Get The Fuck Outta Dodge & Coup De Tete) / coup de tete & Get The Fuck Outta Dodge,"gtfod,coup-de-tete",Album,1 November 2024,2024-11-01,https://gtfod.bandcamp.com/album/ii,https://f4.bcbits.com/img/a0302083316_5.jpg,https://bandcamp.com/EmbeddedPlayer/album=2504012840/,
Just.Keep.Looking.Forward,Get The Fuck Outta Dodge,gtfod,Album,14 December 2024,2024-12-14,https://gtfod.bandcamp.com/album/just-keep-looking-forward,https://f4.bcbits.com/img/a1178754373_5.jpg,https://bandcamp.com/EmbeddedPlayer/album=169496940/,
Cabin Hole Evil is an anagram of Live in Holbeach,Get The Fuck Outta Dodge,gtfod,Album,24 October 2025,2025-10-24,https://gtfod.bandcamp.com/album/cabin-hole-evil-is-an-anagram-of-live-in-holbeach,https://f4.bcbits.com/img/a4019643360_5.jpg,https://bandcamp.com/EmbeddedPlayer/album=1196922541/,
sleepjrow (taylor jrift's version),jrowsy,jrowsy,Album,18 April 2024,2024-04-18,https://jrowsy.bandcamp.com/album/sleepjrow-taylor-jrifts-version,https://f4.bcbits.com/img/a3969998820_5.jpg,https://bandcamp.com/EmbeddedPlayer/album=3490830761/,i spoke to my friend Taylor Jrift and she agreed to re-record three of my songs in her style.
sleepjrow,jrowsy,jrowsy,Album,19 April 2024,2024-04-19,https://jrowsy.bandcamp.com/album/sleepjrow,https://f4.bcbits.com/img/a2508881053_5.jpg,https://bandcamp.com/EmbeddedPlayer/album=2053252247/,my debut album.
prequel ep,jrowsy,jrowsy,Album,4 April 2025,2025-04-04,https://jrowsy.bandcamp.com/album/prequel-ep,https://f4.bcbits.com/img/a0181064700_5.jpg,https://bandcamp.com/EmbeddedPlayer/album=2230517469/,5 tracks written prior to my debut album.
sleepjrow anniversary celebration ep,jrowsy,jrowsy,Album,16 May 2025,2025-05-16,https://jrowsy.bandcamp.com/album/sleepjrow-anniversary-celebration-ep,https://f4.bcbits.com/img/a2481240314_5.jpg,https://bandcamp.com/EmbeddedPlayer/album=2174065795/,"three brand new tracks celebrating the one year anniversary of my debut album; ""sleepjrow""."
yantoo a: live & let live,jrowsy,jrowsy,Album,28 August 2026,2026-08-28,https://jrowsy.bandcamp.com/album/yantoo-a-live-let-live,https://f4.bcbits.com/img/a3868423202_5.jpg,https://bandcamp.com/EmbeddedPlayer/album=445347484/,"yantoo a: live & let live.

chapter 1 of 3 from my sophomore album; yantoo."
Demo,Kanfora,kanfora,Album,1 August 2023,2023-08-01,https://kanfora.bandcamp.com/album/demo,https://f4.bcbits.com/img/a0684231385_5.jpg,https://bandcamp.com/EmbeddedPlayer/album=3610728176/,
Dead Weight,Kanfora,kanfora,Album,5 December 2025,2025-12-05,https://kanfora.bandcamp.com/album/dead-weight,https://f4.bcbits.com/img/a1823228901_5.jpg,https://bandcamp.com/EmbeddedPlayer/album=3662373649/,"The result of two years of expressive experimentation. All completely DIY and free from any kind of chains or constraints. Proud to have produced everything from start to finish in our smelly, dark home studios. Here it is. Enjoy listening and stay wet."
EP 1,Mices,mices,Album,31 May 2023,2023-05-31,https://micesareaband.bandcamp.com/album/ep-1,https://f4.bcbits.com/img/a0696584074_5.jpg,https://bandcamp.com/EmbeddedPlayer/album=2949583486/,
one,My Name Is O,my-name-is-o,Album,17 February 2025,2025-02-17,https://nameequalso.bandcamp.com/album/one,https://f4.bcbits.com/img/a2985385312_5.jpg,https://bandcamp.com/EmbeddedPlayer/album=2282837905/,
Night Fades Too Soon/Sinking,O featuring The Dan The D,"my-name-is-o,dan-the-d",Album,21 December 2025,2025-12-21,https://socksonrecords.bandcamp.com/album/night-fades-too-soon-sinking,https://f4.bcbits.com/img/a3256612362_5.jpg,https://bandcamp.com/EmbeddedPlayer/album=2436274015/,100% of the proceeds from these two songs will be donated to Mind.
Slipped Through The Moment,O (My Name Is O),my-name-is-o,Track,14 March 2026,2026-03-14,https://socksonrecords.bandcamp.com/track/slipped-through-the-moment,https://f4.bcbits.com/img/a3772494574_5.jpg,https://bandcamp.com/EmbeddedPlayer/track=1198068191/,
Broken Glass,O (My Name Is O),my-name-is-o,Track,23 March 2026,2026-03-23,https://socksonrecords.bandcamp.com/track/broken-glass,https://f4.bcbits.com/img/a0773936453_5.jpg,https://bandcamp.com/EmbeddedPlayer/track=3367906689/,
two,My Name Is O,my-name-is-o,Album,19 May 2026,2026-05-19,https://nameequalso.bandcamp.com/album/two,https://f4.bcbits.com/img/a2932011780_5.jpg,https://bandcamp.com/EmbeddedPlayer/album=3985517090/,
I Fear This Is The End,Oh Doom!,oh-doom,Album,26 July 2024,2024-07-26,https://ohdoom.bandcamp.com/album/i-fear-this-is-the-end,https://f4.bcbits.com/img/a2286819239_5.jpg,https://bandcamp.com/EmbeddedPlayer/album=279648944/,
This Is Not Home,Oh Doom!,oh-doom,Track,26 September 2025,2025-09-26,https://ohdoom.bandcamp.com/track/this-is-not-home,https://f4.bcbits.com/img/a0697611418_5.jpg,https://bandcamp.com/EmbeddedPlayer/track=3407271217/,
Distant Ghosts,Oh Doom!,oh-doom,Track,31 October 2025,2025-10-31,https://ohdoom.bandcamp.com/track/distant-ghosts,https://f4.bcbits.com/img/a0765246587_5.jpg,https://bandcamp.com/EmbeddedPlayer/track=401560602/,
Live @ The Six Six Bar,Oh Doom!,oh-doom,Album,6 March 2026,2026-03-06,https://ohdoom.bandcamp.com/album/live-the-six-six-bar,https://f4.bcbits.com/img/a3043846274_5.jpg,https://bandcamp.com/EmbeddedPlayer/album=1325410912/,
How To Destroy Anything,Oh Doom!,oh-doom,Track,27 March 2026,2026-03-27,https://ohdoom.bandcamp.com/track/how-to-destroy-anything,https://f4.bcbits.com/img/a0933926527_5.jpg,https://bandcamp.com/EmbeddedPlayer/track=1908465700/,
Ooh Shush,Ooh Shush,ooh-shush,Album,15 March 2026,2026-03-15,https://oohshush.bandcamp.com/album/ooh-shush,https://f4.bcbits.com/img/a2594031766_5.jpg,https://bandcamp.com/EmbeddedPlayer/album=414148920/,
Trump Derangement Syndrome,Ooh Shush,ooh-shush,Track,5 April 2026,2026-04-05,https://oohshush.bandcamp.com/track/trump-derangement-syndrome,https://f4.bcbits.com/img/a0707300987_5.jpg,https://bandcamp.com/EmbeddedPlayer/track=1548168888/,
I Might Drink Myself To Death,Our Souls,our-souls,Album,16 November 2018,2018-11-16,https://weareoursouls.bandcamp.com/album/i-might-drink-myself-to-death,https://f4.bcbits.com/img/a1913144904_5.jpg,https://bandcamp.com/EmbeddedPlayer/album=4082396630/,
I've Made A Terrible Mistake,Our Souls,our-souls,Album,1 November 2019,2019-11-01,https://weareoursouls.bandcamp.com/album/ive-made-a-terrible-mistake,https://f4.bcbits.com/img/a4045456775_5.jpg,https://bandcamp.com/EmbeddedPlayer/album=3393807393/,
Ferryman,Our Souls,our-souls,Album,8 January 2022,2022-01-08,https://weareoursouls.bandcamp.com/album/ferryman,https://f4.bcbits.com/img/a2728915325_5.jpg,https://bandcamp.com/EmbeddedPlayer/album=4136897070/,
The Resignation Letter,Our Souls,our-souls,Album,4 March 2022,2022-03-04,https://weareoursouls.bandcamp.com/album/the-resignation-letter,https://f4.bcbits.com/img/a2757546309_5.jpg,https://bandcamp.com/EmbeddedPlayer/album=2691919358/,
I'm An Adult In A Punk Rock Band,Our Souls,our-souls,Album,25 March 2022,2022-03-25,https://weareoursouls.bandcamp.com/album/im-an-adult-in-a-punk-rock-band,https://f4.bcbits.com/img/a3626637976_5.jpg,https://bandcamp.com/EmbeddedPlayer/album=4249086677/,
Cuckoo Clock,Our Souls,our-souls,Album,1 September 2023,2023-09-01,https://weareoursouls.bandcamp.com/album/cuckoo-clock,https://f4.bcbits.com/img/a1118676151_5.jpg,https://bandcamp.com/EmbeddedPlayer/album=1050170091/,
I Won't Tell You The Same Lie,Our Souls,our-souls,Album,6 October 2023,2023-10-06,https://weareoursouls.bandcamp.com/album/i-wont-tell-you-the-same-lie,https://f4.bcbits.com/img/a0428935659_5.jpg,https://bandcamp.com/EmbeddedPlayer/album=3714866244/,
Ekman's 7th,Our Souls,our-souls,Album,12 April 2024,2024-04-12,https://weareoursouls.bandcamp.com/album/ekmans-7th,https://f4.bcbits.com/img/a2031363453_5.jpg,https://bandcamp.com/EmbeddedPlayer/album=1119121329/,
Truce,Our Souls / Sprainer / Sprainer & Our Souls,"our-souls,sprainer",Album,18 April 2025,2025-04-18,https://weareoursouls.bandcamp.com/album/truce,https://f4.bcbits.com/img/a1573282906_5.jpg,https://bandcamp.com/EmbeddedPlayer/album=3729854760/,
Them Old Haunts (The Earworm),Our Souls,our-souls,Album,10 October 2025,2025-10-10,https://weareoursouls.bandcamp.com/album/them-old-haunts-the-earworm,https://f4.bcbits.com/img/a0365566054_5.jpg,https://bandcamp.com/EmbeddedPlayer/album=2758424476/,
DIY Misery,Our Souls,our-souls,Album,7 November 2025,2025-11-07,https://weareoursouls.bandcamp.com/album/diy-misery,https://f4.bcbits.com/img/a0891901378_5.jpg,https://bandcamp.com/EmbeddedPlayer/album=2486705021/,
¡Unchained Melanie!,Our Souls,our-souls,Track,6 June 2026,2026-06-06,https://weareoursouls.bandcamp.com/track/unchained-melanie,https://f4.bcbits.com/img/a4142406108_5.jpg,https://bandcamp.com/EmbeddedPlayer/track=1716818100/,
Something To Say,Rough Pup,rough-pup,Album,13 April 2026,2026-04-13,https://roughpup.bandcamp.com/album/something-to-say,https://f4.bcbits.com/img/a3019491631_5.jpg,https://bandcamp.com/EmbeddedPlayer/album=3365367173/,Debut EP released through Socks On Records 13/04/2026
Octopus Milk & Other Tall Tales e.p,Rudimentary Paste,rudimentary-paste,Album,3 March 2024,2024-03-03,https://rudimentarypaste.bandcamp.com/album/octopus-milk-other-tall-tales-e-p,https://f4.bcbits.com/img/a0755334804_5.jpg,https://bandcamp.com/EmbeddedPlayer/album=2647987991/,
That's Why She Lost Her Job As A Blue Peter Presenter,Rudimentary Paste,rudimentary-paste,Album,14 March 2025,2025-03-14,https://rudimentarypaste.bandcamp.com/album/thats-why-she-lost-her-job-as-a-blue-peter-presenter,https://f4.bcbits.com/img/a2102400725_5.jpg,https://bandcamp.com/EmbeddedPlayer/album=2100030742/,
Six Examples of the Wilhelm Scream,Rudimentary Paste,rudimentary-paste,Album,6 June 2025,2025-06-06,https://rudimentarypaste.bandcamp.com/album/six-examples-of-the-wilhelm-scream,https://f4.bcbits.com/img/a1382963866_5.jpg,https://bandcamp.com/EmbeddedPlayer/album=2050435676/,
Victory Songs,Soviet Films,soviet-films,Album,5 February 2014,2014-02-05,https://sovietfilms.bandcamp.com/album/victory-songs,https://f4.bcbits.com/img/a1408591146_5.jpg,https://bandcamp.com/EmbeddedPlayer/album=3401356487/,
Cetacean,Soviet Films,soviet-films,Album,7 August 2016,2016-08-07,https://sovietfilms.bandcamp.com/album/cetacean,https://f4.bcbits.com/img/a0813209348_5.jpg,https://bandcamp.com/EmbeddedPlayer/album=3416342370/,
Familiars,Soviet Films,soviet-films,Album,26 February 2021,2021-02-26,https://sovietfilms.bandcamp.com/album/familiars,https://f4.bcbits.com/img/a2435988525_5.jpg,https://bandcamp.com/EmbeddedPlayer/album=2527808410/,
Blades and Feathers,Soviet Films,soviet-films,Track,26 June 2023,2023-06-26,https://sovietfilms.bandcamp.com/track/blades-and-feathers,https://f4.bcbits.com/img/a3892392596_5.jpg,https://bandcamp.com/EmbeddedPlayer/track=1802116492/,
Tardigrades,Soviet Films,soviet-films,Track,4 August 2023,2023-08-04,https://sovietfilms.bandcamp.com/track/tardigrades,https://f4.bcbits.com/img/a2001919910_5.jpg,https://bandcamp.com/EmbeddedPlayer/track=4220199835/,
4,Soviet Films,soviet-films,Album,29 September 2023,2023-09-29,https://sovietfilms.bandcamp.com/album/4,https://f4.bcbits.com/img/a1324325702_5.jpg,https://bandcamp.com/EmbeddedPlayer/album=2815755555/,
Live Scrapes,Sprainer,sprainer,Album,26 July 2019,2019-07-26,https://sprainer.bandcamp.com/album/live-scrapes,https://f4.bcbits.com/img/a2935314032_5.jpg,https://bandcamp.com/EmbeddedPlayer/album=698512631/,
Pale,Sprainer,sprainer,Album,28 September 2019,2019-09-28,https://sprainer.bandcamp.com/album/pale,https://f4.bcbits.com/img/a2659257273_5.jpg,https://bandcamp.com/EmbeddedPlayer/album=746927778/,
Can't Fix Everything,Sprainer,sprainer,Album,10 February 2023,2023-02-10,https://sprainer.bandcamp.com/album/cant-fix-everything,https://f4.bcbits.com/img/a1173174808_5.jpg,https://bandcamp.com/EmbeddedPlayer/album=153586016/,
Fast-Forwarding Through Dreams,Sprainer,sprainer,Track,11 October 2024,2024-10-11,https://sprainer.bandcamp.com/track/fast-forwarding-through-dreams,https://f4.bcbits.com/img/a3786614502_5.jpg,https://bandcamp.com/EmbeddedPlayer/track=3381994656/,
Another Song About Trains,Sprainer,sprainer,Track,8 November 2024,2024-11-08,https://sprainer.bandcamp.com/track/another-song-about-trains,https://f4.bcbits.com/img/a4103439130_5.jpg,https://bandcamp.com/EmbeddedPlayer/track=1488535963/,
Live Scrapes II,Sprainer,sprainer,Album,3 October 2025,2025-10-03,https://sprainer.bandcamp.com/album/live-scrapes-ii,https://f4.bcbits.com/img/a0466849981_5.jpg,https://bandcamp.com/EmbeddedPlayer/album=3131883247/,
Pocket Kings,The Prods,the-prods,Album,6 May 2018,2018-05-06,https://theprods.bandcamp.com/album/pocket-kings,https://f4.bcbits.com/img/a0448047310_5.jpg,https://bandcamp.com/EmbeddedPlayer/album=3503441913/,
Wish I Was Dead (A Bitter Treatise On The Great British Seaside),The Prods,the-prods,Track,17 September 2021,2021-09-17,https://theprods.bandcamp.com/track/wish-i-was-dead-a-bitter-treatise-on-the-great-british-seaside,https://f4.bcbits.com/img/a3780792331_5.jpg,https://bandcamp.com/EmbeddedPlayer/track=1174613162/,
Catalogue Model,The Prods,the-prods,Track,20 May 2022,2022-05-20,https://theprods.bandcamp.com/track/catalogue-model,https://f4.bcbits.com/img/a0731240874_5.jpg,https://bandcamp.com/EmbeddedPlayer/track=1866416767/,
Can't Get Anything To Work,The Prods,the-prods,Track,20 October 2023,2023-10-20,https://theprods.bandcamp.com/track/cant-get-anything-to-work,https://f4.bcbits.com/img/a2042929552_5.jpg,https://bandcamp.com/EmbeddedPlayer/track=4151605416/,
Chuck Me In The Landfill,The Prods,the-prods,Track,29 April 2026,2026-04-29,https://theprods.bandcamp.com/track/chuck-me-in-the-landfill,https://f4.bcbits.com/img/a1174461377_5.jpg,https://bandcamp.com/EmbeddedPlayer/track=1664703091/,
Escalators to Mexico,We Punch Tigers,we-punch-tigers,Album,20 May 2018,2018-05-20,https://wepunchtigers.bandcamp.com/album/escalators-to-mexico,https://f4.bcbits.com/img/a1184966509_5.jpg,https://bandcamp.com/EmbeddedPlayer/album=4248367675/,
Elon Musk/ Mashed Potato,We Punch Tigers,we-punch-tigers,Album,22 January 2019,2019-01-22,https://wepunchtigers.bandcamp.com/album/elon-musk-mashed-potato,https://f4.bcbits.com/img/a2425687957_5.jpg,https://bandcamp.com/EmbeddedPlayer/album=2419611735/,
Unchained Melanie/ Spend Your Money,We Punch Tigers,we-punch-tigers,Album,22 March 2019,2019-03-22,https://wepunchtigers.bandcamp.com/album/unchained-melanie-spend-your-money,https://f4.bcbits.com/img/a1766196938_5.jpg,https://bandcamp.com/EmbeddedPlayer/album=4185265812/,
Demo'stration e.p.,We Punch Tigers,we-punch-tigers,Album,19 June 2020,2020-06-19,https://wepunchtigers.bandcamp.com/album/demostration-e-p,https://f4.bcbits.com/img/a3177116572_5.jpg,https://bandcamp.com/EmbeddedPlayer/album=2014507445/,
HOME RECORDINGS FROM THE APOCALYPSE,We Punch Tigers,we-punch-tigers,Album,8 August 2020,2020-08-08,https://wepunchtigers.bandcamp.com/album/home-recordings-from-the-apocalypse,https://f4.bcbits.com/img/a2289340519_5.jpg,https://bandcamp.com/EmbeddedPlayer/album=2913959589/,
Christmas Bizarre (What do you think about that?),We Punch Tigers,we-punch-tigers,Track,23 December 2020,2020-12-23,https://wepunchtigers.bandcamp.com/track/christmas-bizarre-what-do-you-think-about-that,https://f4.bcbits.com/img/a3552703840_5.jpg,https://bandcamp.com/EmbeddedPlayer/track=2169989524/,
Soothing Christmas Sounds,We Punch Tigers,we-punch-tigers,Album,15 December 2021,2021-12-15,https://wepunchtigers.bandcamp.com/album/soothing-christmas-sounds,https://f4.bcbits.com/img/a2703048277_5.jpg,https://bandcamp.com/EmbeddedPlayer/album=1820536729/,
Four Acoustic Songs Recorded in a Freezing Cold Shed,We Punch Tigers,we-punch-tigers,Album,1 February 2022,2022-02-01,https://wepunchtigers.bandcamp.com/album/four-acoustic-songs-recorded-in-a-freezing-cold-shed,https://f4.bcbits.com/img/a2472658476_5.jpg,https://bandcamp.com/EmbeddedPlayer/album=1637780124/,
The Batman e.p.,We Punch Tigers,we-punch-tigers,Album,3 March 2022,2022-03-03,https://wepunchtigers.bandcamp.com/album/the-batman-e-p,https://f4.bcbits.com/img/a3567068412_5.jpg,https://bandcamp.com/EmbeddedPlayer/album=1086560022/,
Kant Fry Chips,We Punch Tigers,we-punch-tigers,Track,11 October 2022,2022-10-11,https://wepunchtigers.bandcamp.com/track/kant-fry-chips,https://f4.bcbits.com/img/a4092481369_5.jpg,https://bandcamp.com/EmbeddedPlayer/track=3003697766/,
C.H.R.I.S.T.M.A.S,We Punch Tigers,we-punch-tigers,Track,5 December 2022,2022-12-05,https://wepunchtigers.bandcamp.com/track/c-h-r-i-s-t-m-a-s,https://f4.bcbits.com/img/a3193241528_5.jpg,https://bandcamp.com/EmbeddedPlayer/track=4140060814/,
From Under The Cock Tree,We Punch Tigers,we-punch-tigers,Album,27 January 2023,2023-01-27,https://wepunchtigers.bandcamp.com/album/from-under-the-cock-tree,https://f4.bcbits.com/img/a3148473058_5.jpg,https://bandcamp.com/EmbeddedPlayer/album=4291332531/,
The reason we can't have nice things,We Punch Tigers,we-punch-tigers,Album,30 January 2023,2023-01-30,https://wepunchtigers.bandcamp.com/album/the-reason-we-cant-have-nice-things,https://f4.bcbits.com/img/a2882635925_5.jpg,https://bandcamp.com/EmbeddedPlayer/album=2580861737/,
Powerbomb Courtesy of Captain Insano,We Punch Tigers,we-punch-tigers,Album,24 March 2023,2023-03-24,https://wepunchtigers.bandcamp.com/album/powerbomb-courtesy-of-captain-insano,https://f4.bcbits.com/img/a2730539312_5.jpg,https://bandcamp.com/EmbeddedPlayer/album=74667086/,
Get Yr Socks On Volume One,Socks On Records,,Album,16 May 2021,2021-05-16,https://socksonrecords.bandcamp.com/album/get-yr-socks-on-volume-one,https://f4.bcbits.com/img/a0208223397_5.jpg,https://bandcamp.com/EmbeddedPlayer/album=867570960/,"A taster compilation showcasing the acts on Socks On Records, as of May 2021."
Standing With Ukraine,Socks On Records,,Album,3 March 2022,2022-03-03,https://socksonrecords.bandcamp.com/album/standing-with-ukraine,https://f4.bcbits.com/img/a0464974237_5.jpg,https://bandcamp.com/EmbeddedPlayer/album=3829369801/,"All proceeds go to the UK arm of a charity with a red cross, helping victims of the invasion of Ukraine."
Socks On Records & Friends Vol 2,Socks On Records,,Album,23 March 2023,2023-03-23,https://socksonrecords.bandcamp.com/album/socks-on-records-friends-vol-2,https://f4.bcbits.com/img/a2394687965_5.jpg,https://bandcamp.com/EmbeddedPlayer/album=4007309142/,A compilation packed with bands on the Socks On Bandcamp label and bands who have featured at Socks On gigs.
Live at Mama Liz's Voodoo Lounge,Socks On Records,,Album,15 May 2023,2023-05-15,https://socksonrecords.bandcamp.com/album/live-at-mama-lizs-voodoo-lounge,https://f4.bcbits.com/img/a1156595818_5.jpg,https://bandcamp.com/EmbeddedPlayer/album=472589497/,Recorded live at Mama Liz's Voodoo Lounge in Stamford on 12th May 2023.
Socks On Records And Friends Volume 3,Socks On Records,,Album,1 September 2023,2023-09-01,https://socksonrecords.bandcamp.com/album/socks-on-records-and-friends-volume-3,https://f4.bcbits.com/img/a2319507457_5.jpg,https://bandcamp.com/EmbeddedPlayer/album=4013833809/,"A collection of songs from bands who are either with us on Socks On Records, or have worked with us on gigs."
Socks On Party Live 2025,Socks On Records,,Album,4 June 2025,2025-06-04,https://socksonrecords.bandcamp.com/album/socks-on-party-live-2025,https://f4.bcbits.com/img/a0661963735_5.jpg,https://bandcamp.com/EmbeddedPlayer/album=4085687807/,This is a collection of songs recorded at Socks On Party 2025
Bootlegs & B-Sides,Socks On Records,,Album,1 May 2026,2026-05-01,https://socksonrecords.bandcamp.com/album/bootlegs-b-sides,https://f4.bcbits.com/img/a3866397446_5.jpg,https://bandcamp.com/EmbeddedPlayer/album=1113017178/,"Bootlegs, live takes, covers, one-offs, experiments and personal pieces from the Socks On Records crew."
